insert into `bbd_loan_order`(`id`,`loan_type`,`deposit`,`loan_amount`,`loan_days`,`interest_type`,`interest`,`interest_rate`,`begin_date`,`borrower`,`lender`,`status`,`created_by`,`created_time`,`confirmed_by`,`confirmed_time`,`updated_by`,`updated_time`,`contract_id`,`provider`,`product_type`,`order_group_id`,`brand`,`total_count`,`total_price`,`demander`,`activity_memo`,`difference_In_Price`,`overdue_interest_rate`,`in_full_days`,`supplier_total_amount`,`payment_method`,`transfer_sides`,`lender_capital_pool_id`)
values('RZ20170623001-1','保证金',85200,340800,'60','月利率',null,0.006000,'2017-06-16','8af59e0f4ebb0928014ebeb1b118002a','上海纺投','已确认','沈方军','2017-06-22 14:40:27','石金辉','2017-06-23 09:30:15','石金辉','2017-06-23 09:30:15','FT-20170622-JF-01','8af59e0f54de29ce0154e075d4770024','粘胶','RZG20170623001','富丽达',30.00,426060.00,'8af59e0f562ce7d00156357329d402f2',null,null,null,'7',null,'',null,null);
insert into `bbd_loan_order`(`id`,`loan_type`,`deposit`,`loan_amount`,`loan_days`,`interest_type`,`interest`,`interest_rate`,`begin_date`,`borrower`,`lender`,`status`,`created_by`,`created_time`,`confirmed_by`,`confirmed_time`,`updated_by`,`updated_time`,`contract_id`,`provider`,`product_type`,`order_group_id`,`brand`,`total_count`,`total_price`,`demander`,`activity_memo`,`difference_In_Price`,`overdue_interest_rate`,`in_full_days`,`supplier_total_amount`,`payment_method`,`transfer_sides`,`lender_capital_pool_id`)
values('RZ20170623001-2','保证金',624800,2314530,'60','月利率',null,0.006000,'2017-06-16','8af59e0f4ebb0928014ebeb1b118002a','上海纺投','已确认','沈方军','2017-06-22 14:40:27','石金辉','2017-06-23 09:30:15','石金辉','2017-06-23 09:30:15','FT-20170622-JF-01','8af59e0f54de29ce0154e075d4770024','粘胶','RZG20170623001','富丽达',30.00,426060.00,'8af59e0f562ce7d00156357329d402f2',null,null,null,'7',null,'',null,null);


insert into `bbd_loan_order`(`id`,`loan_type`,`deposit`,`loan_amount`,`loan_days`,`interest_type`,`interest`,`interest_rate`,`begin_date`,`borrower`,`lender`,`status`,`created_by`,`created_time`,`confirmed_by`,`confirmed_time`,`updated_by`,`updated_time`,`contract_id`,`provider`,`product_type`,`order_group_id`,`brand`,`total_count`,`total_price`,`demander`,`activity_memo`,`difference_In_Price`,`overdue_interest_rate`,`in_full_days`,`supplier_total_amount`,`payment_method`,`transfer_sides`,`lender_capital_pool_id`)
values('RZ20170614026-1','保证金',85200,340800,'50','月利率',null,0.006000,'2017-06-14','8af59e0f4ebb0928014ebeb1b118002a','上海纺投','已确认','沈方军','2017-06-12 17:06:31','石金辉','2017-06-14 17:52:09','石金辉','2017-06-14 17:52:09','FT-20170612-JF-08','8af59e0f54de29ce0154e075d4770024','粘胶','RZG20170614005','富丽达',300.00,4260000.00,'8af59e0f562ce7d00156357329d402f2',null,600.0000,null,'7',null,'',null,null);
insert into `bbd_loan_order`(`id`,`loan_type`,`deposit`,`loan_amount`,`loan_days`,`interest_type`,`interest`,`interest_rate`,`begin_date`,`borrower`,`lender`,`status`,`created_by`,`created_time`,`confirmed_by`,`confirmed_time`,`updated_by`,`updated_time`,`contract_id`,`provider`,`product_type`,`order_group_id`,`brand`,`total_count`,`total_price`,`demander`,`activity_memo`,`difference_In_Price`,`overdue_interest_rate`,`in_full_days`,`supplier_total_amount`,`payment_method`,`transfer_sides`,`lender_capital_pool_id`)
values('RZ20170614026-2','保证金',624800,2314530,'50','月利率',null,0.006000,'2017-06-14','8af59e0f4ebb0928014ebeb1b118002a','上海纺投','已确认','沈方军','2017-06-12 17:06:31','石金辉','2017-06-14 17:52:09','石金辉','2017-06-14 17:52:09','FT-20170612-JF-08','8af59e0f54de29ce0154e075d4770024','粘胶','RZG20170614005','富丽达',300.00,4260000.00,'8af59e0f562ce7d00156357329d402f2',null,600.0000,null,'7',null,'',null,null);
insert into `bbd_loan_order`(`id`,`loan_type`,`deposit`,`loan_amount`,`loan_days`,`interest_type`,`interest`,`interest_rate`,`begin_date`,`borrower`,`lender`,`status`,`created_by`,`created_time`,`confirmed_by`,`confirmed_time`,`updated_by`,`updated_time`,`contract_id`,`provider`,`product_type`,`order_group_id`,`brand`,`total_count`,`total_price`,`demander`,`activity_memo`,`difference_In_Price`,`overdue_interest_rate`,`in_full_days`,`supplier_total_amount`,`payment_method`,`transfer_sides`,`lender_capital_pool_id`)
values('RZ20170614026-3','保证金',142000,752670,'50','月利率',null,0.006000,'2017-06-14','8af59e0f4ebb0928014ebeb1b118002a','上海纺投','已确认','沈方军','2017-06-12 17:06:31','石金辉','2017-06-14 17:52:09','石金辉','2017-06-14 17:52:09','FT-20170612-JF-08','8af59e0f54de29ce0154e075d4770024','粘胶','RZG20170614005','富丽达',300.00,4260000.00,'8af59e0f562ce7d00156357329d402f2',null,600.0000,null,'7',null,'',null,null);


insert into `bbd_loan_interest_stage`(`id`,`loan_order_id`,`interest`,`interest_rate`,`loan_days`,`sequence`,`status`,`create_by`,`create_time`,`modify_by`,`modify_time`,`ref_extension_request_id`,`interest_type`,`begin_date`)
values('IS201706230011-1','RZ20170623001-1',null,0.006000,'60','0','已确认','SYSTEM','2017-07-29 17:24:23',null,null,null,'月利率','2017-06-16');
insert into `bbd_loan_interest_stage`(`id`,`loan_order_id`,`interest`,`interest_rate`,`loan_days`,`sequence`,`status`,`create_by`,`create_time`,`modify_by`,`modify_time`,`ref_extension_request_id`,`interest_type`,`begin_date`)
values('IS201706230011-2','RZ20170623001-2',null,0.006000,'60','0','已确认','SYSTEM','2017-07-29 17:24:23',null,null,null,'月利率','2017-06-16');

insert into `bbd_loan_interest_stage`(`id`,`loan_order_id`,`interest`,`interest_rate`,`loan_days`,`sequence`,`status`,`create_by`,`create_time`,`modify_by`,`modify_time`,`ref_extension_request_id`,`interest_type`,`begin_date`)
values('IS20170614926-1','RZ20170614026-1',null,0.006000,'50','0','已确认','SYSTEM','2017-07-29 12:05:21',null,null,null,'月利率','2017-06-14');
insert into `bbd_loan_interest_stage`(`id`,`loan_order_id`,`interest`,`interest_rate`,`loan_days`,`sequence`,`status`,`create_by`,`create_time`,`modify_by`,`modify_time`,`ref_extension_request_id`,`interest_type`,`begin_date`)
values('IS20170614926-2','RZ20170614026-2',null,0.006000,'50','0','已确认','SYSTEM','2017-07-29 12:05:21',null,null,null,'月利率','2017-06-14');
insert into `bbd_loan_interest_stage`(`id`,`loan_order_id`,`interest`,`interest_rate`,`loan_days`,`sequence`,`status`,`create_by`,`create_time`,`modify_by`,`modify_time`,`ref_extension_request_id`,`interest_type`,`begin_date`)
values('IS20170614926-3','RZ20170614026-3',null,0.006000,'50','0','已确认','SYSTEM','2017-07-29 12:05:21',null,null,null,'月利率','2017-06-14');

insert into `bbd_loan_order_mapping`(`loan_order_id`,`order_ref_id`)
values('RZ20170614026-1','Q2017061200085');
insert into `bbd_loan_order_mapping`(`loan_order_id`,`order_ref_id`)
values('RZ20170614026-2','Q2017061200085');
insert into `bbd_loan_order_mapping`(`loan_order_id`,`order_ref_id`)
values('RZ20170614026-3','Q2017061200085');

insert into `bbd_loan_order_progress`(`loan_order_id`,`repaid_amount`,`left_principal`,`total_left_amount`,`actual_interest`,`loan_days`,`updated_time`,`settle_up_date`,`else_amount`)
values('RZ20170623001-1',2272000.0000,0.0000,3180.8000,3180.8000,'0','2017-09-01 15:55:02','2017-06-22',null);
insert into `bbd_loan_order_progress`(`loan_order_id`,`repaid_amount`,`left_principal`,`total_left_amount`,`actual_interest`,`loan_days`,`updated_time`,`settle_up_date`,`else_amount`)
values('RZ20170623001-2',2272000.0000,0.0000,3180.8000,3180.8000,'0','2017-09-01 15:55:02','2017-06-22',null);

insert into `bbd_loan_order_progress`(`loan_order_id`,`repaid_amount`,`left_principal`,`total_left_amount`,`actual_interest`,`loan_days`,`updated_time`,`settle_up_date`,`else_amount`)
values('RZ20170614026-1',2272000.0000,0.0000,3180.8000,3180.8000,'0','2017-09-01 15:55:02','2017-06-22',null);
insert into `bbd_loan_order_progress`(`loan_order_id`,`repaid_amount`,`left_principal`,`total_left_amount`,`actual_interest`,`loan_days`,`updated_time`,`settle_up_date`,`else_amount`)
values('RZ20170614026-2',2272000.0000,0.0000,3180.8000,3180.8000,'0','2017-09-01 15:55:02','2017-06-22',null);
insert into `bbd_loan_order_progress`(`loan_order_id`,`repaid_amount`,`left_principal`,`total_left_amount`,`actual_interest`,`loan_days`,`updated_time`,`settle_up_date`,`else_amount`)
values('RZ20170614026-3',2272000.0000,0.0000,3180.8000,3180.8000,'0','2017-09-01 15:55:02','2017-06-22',null);


477.12+21293.61+1053.74

insert into `bbd_payment_order`(`id`,`create_time`,`loan_order_id`,`payer`,`payment_type`,`amount`,`total_amount`,`status`,`receipter`,`memo`)
values('PO20170614020-1','2017-06-14 17:52:09','RZ20170614026-1','8af59e0f4ebb0928014ebeb1b118002a','应抵价差',0.0000,60,'NOT_CONFIRMED','8af59e0f532cec4901532fe8dada0046',null);
insert into `bbd_payment_order`(`id`,`create_time`,`loan_order_id`,`payer`,`payment_type`,`amount`,`total_amount`,`status`,`receipter`,`memo`)
values('PO20170614021-1','2017-06-14 17:52:09','RZ20170614026-1','8af59e0f4ebb0928014ebeb1b118002a','应付税费',0.0000,5.6400,'NOT_CONFIRMED','8af59e0f532cec4901532fe8dada0046',null);
insert into `bbd_payment_order`(`id`,`create_time`,`loan_order_id`,`payer`,`payment_type`,`amount`,`total_amount`,`status`,`receipter`,`memo`)
values('PO20170614020-2','2017-06-14 17:52:09','RZ20170614026-2','8af59e0f4ebb0928014ebeb1b118002a','应抵价差',0.0000,440,'NOT_CONFIRMED','8af59e0f532cec4901532fe8dada0046',null);
insert into `bbd_payment_order`(`id`,`create_time`,`loan_order_id`,`payer`,`payment_type`,`amount`,`total_amount`,`status`,`receipter`,`memo`)
values('PO20170614021-2','2017-06-14 17:52:09','RZ20170614026-2','8af59e0f4ebb0928014ebeb1b118002a','应付税费',0.0000,41.37,'NOT_CONFIRMED','8af59e0f532cec4901532fe8dada0046',null);
insert into `bbd_payment_order`(`id`,`create_time`,`loan_order_id`,`payer`,`payment_type`,`amount`,`total_amount`,`status`,`receipter`,`memo`)
values('PO20170614020-3','2017-06-14 17:52:09','RZ20170614026-3','8af59e0f4ebb0928014ebeb1b118002a','应抵价差',0.0000,100,'NOT_CONFIRMED','8af59e0f532cec4901532fe8dada0046',null);
insert into `bbd_payment_order`(`id`,`create_time`,`loan_order_id`,`payer`,`payment_type`,`amount`,`total_amount`,`status`,`receipter`,`memo`)
values('PO20170614021-3','2017-06-14 17:52:09','RZ20170614026-3','8af59e0f4ebb0928014ebeb1b118002a','应付税费',0.0000,9.40,'NOT_CONFIRMED','8af59e0f532cec4901532fe8dada0046',null);

